Column1;Column2;Column3;Column4;Column5;;;;;;;;;;;1; Nissan; 2060 руб.;Моторное масло Motor Oil KE900-90042-R; Товары автосервиса\8FE07916.jpg;да;1
Наименование товара; Главное изображение; Производитель; Активен?; Цена;;;;;;;;;;;2; Shell;2120;Моторное масло Helix Ultra 550046361; Товары автосервиса\F310E078.jpg;да;2
Моторное масло Motor Oil KE900-90042-R;; Nissan; да; 2060 руб.;;;;;;;;;;;3; Mobil; 1820 рублей;Моторное масло Super 3000 X1 152566; Товары автосервиса\6CA0BE73.jpg;нет;3
Моторное масло Helix Ultra 550046361;; Shell; да;2120;;;;;;;;;;;4; Hyundai/Kia; 1870 рублей;Моторное масло Turbo SYN Gasoline 05100-00441; Товары автосервиса\2B009062.jpg;да;4
Моторное масло Super 3000 X1 152566;; Mobil; нет; 1820 рублей;;;;;;;;;;;5; General Motors; 1410?;Моторное масло Dexos 2 95599405; Товары автосервиса\AD00B713.jpg;да;5
Моторное масло Turbo SYN Gasoline 05100-00441;; Hyundai/Kia; активен; 1870 рублей;;;;;;;;;;;6; Liqui Moly;2670;Моторное масло Molygen New Generation 9054; Товары автосервиса\0DF0A8A4.jpg;да;6
Моторное масло Dexos 2 95599405;; General Motors; да; 1410?;;;;;;;;;;;7; Liqui Moly; 2580 руб.;Моторное масло Top Tec 4600 8033; Товары автосервиса\B790A6AA.jpg;нет;7
Моторное масло Molygen New Generation 9054;; Liqui Moly; да;2670;;;;;;;;;;;8; Toyota; 2710?;Моторное масло ENGINE OIL 08880-80375-GO; Товары автосервиса\CC40C869.jpg;нет;8
Моторное масло Top Tec 4600 8033;; Liqui Moly; не активен; 2580 руб.;;;;;;;;;;;9; Mobil; 2890 руб.;Моторное масло Mobil 1 ESP 154285; Товары автосервиса\F490E078.jpg;да;9
Моторное масло ENGINE OIL 08880-80375-GO;; Toyota; нет; 2710?;;;;;;;;;;;10; General Motors;1500;Моторное масло Dexos 2 93165557; Товары автосервиса\45908C52.jpg;да;10
Моторное масло Mobil 1 ESP 154285;; Mobil; да; 2890 руб.;;;;;;;;;;;11; Mobil; 1870 рублей;Моторное масло Super 3000 X1 Diesel 152572; Товары автосервиса\B0A0C186.jpg;да;11
Моторное масло Dexos 2 93165557;; General Motors; да;1500;;;;;;;;;;;12; Mitsubishi; 2140 рублей;Моторное масло ENGINE OIL MZ 320754; Товары автосервиса\3B70C57C.jpg;да;12
Моторное масло Super 3000 X1 Diesel 152572;; Mobil; активен; 1870 рублей;;;;;;;;;;;13; Lukoil; 1660 рублей;Моторное масло Genesis Armortech 3148675; Товары автосервиса\C9C0F036.jpg;нет;13
Моторное масло ENGINE OIL MZ 320754;; Mitsubishi; активен; 2140 рублей;;;;;;;;;;;14; Liqui Moly;1880;Моторное масло Optimal Synth 3926; Товары автосервиса\EFC05011.jpg;да;14
Моторное масло Genesis Armortech 3148675;; Lukoil; не активен; 1660 рублей;;;;;;;;;;;15; Liqui Moly; 2520 рублей;Моторное масло Optimal Synth 2293; Товары автосервиса\C310B9F3.jpg; да;15
Моторное масло Optimal Synth 3926;; Liqui Moly; активен;1880;;;;;;;;;;;16; Elf; 2010 руб.;Моторное масло Evolution 900 SXR 194878; Товары автосервиса\E320BB7C.jpg; да;16
Моторное масло Optimal Synth 2293;; Liqui Moly; да; 2520 рублей;;;;;;;;;;;17; VAG;4720;Моторное масло Special C G 055 167 M4; Товары автосервиса\6730A31C.jpg; да;17
Моторное масло Evolution 900 SXR 194878;; Elf; да; 2010 руб.;;;;;;;;;;;18; VAG; 1910 рублей;Моторное масло Longlife III G 052 195 M2; Товары автосервиса\E5507A37.jpg; да;18
Моторное масло Special C G 055 167 M4;; VAG; да;4720;;;;;;;;;;;19; Liqui Moly;2420;Моторное масло Special Tec LL 8055; Товары автосервиса\B590AA7B.jpg; нет;19
Моторное масло Longlife III G 052 195 M2;; VAG; да; 1910 рублей;;;;;;;;;;;20; Opel;1300;Моторное масло Dexos 2 19 42 002; Товары автосервиса\23F0848B.jpg; да;20
Моторное масло Special Tec LL 8055;; Liqui Moly; нет;2420;;;;;;;;;;;21; Idemitsu; 1650 рублей;Моторное масло Gasoline Fully- Synthetic 30021326-746; Товары автосервиса\27B0C883.jpg;да;21
Моторное масло Dexos 2 19 42 002;; Opel; да;1300;;;;;;;;;;;22; Ford; 1750 руб.;Моторное масло Formula F 15595E; Товары автосервиса\5250C855.jpg; нет;22
Моторное масло Gasoline Fully- Synthetic 30021326-746;; Idemitsu; активен; 1650 рублей;;;;;;;;;;;23; Idemitsu; 2400 руб.;Моторное масло Zepro Euro Spec SN/CF 1849-004; Товары автосервиса\90D0B807.jpg;да;23
Моторное масло Formula F 15595E;; Ford; нет; 1750 руб.;;;;;;;;;;;24; Toyota; 2200?;Моторное масло SN 08880-10705; Товары автосервиса\43909176.jpg; да;24
Моторное масло Zepro Euro Spec SN/CF 1849-004;; Idemitsu; активен; 2400 руб.;;;;;;;;;;;25; Nissan; 2020 рублей;Моторное масло Motor Oil KE900-90042; Товары автосервиса\90505D31.jpg; да;25
Моторное масло SN 08880-10705;; Toyota; да; 2200?;;;;;;;;;;;26; Elf; 2340 рублей;Моторное масло Evolution 900 SXR 194839; Товары автосервиса\F8E0B138.jpg; нет;26
Моторное масло Motor Oil KE900-90042;; Nissan; да; 2020 рублей;;;;;;;;;;;27; Profix; 1550 рублей;Моторное масло SN/GF-5 SN5W30C; Товары автосервиса\5A30A7EE.jpg;да;27
Моторное масло Evolution 900 SXR 194839;; Elf; нет; 2340 рублей;;;;;;;;;;;28; Elf;2470;Моторное масло Evolution 900 SXR 194877; Товары автосервиса\E3A0B18A.jpg;да;28
Моторное масло SN/GF-5 SN5W30C;; Profix; активен; 1550 рублей;;;;;;;;;;;29; Stels; 410 рублей;Трос буксировочный 12 тонн 54384; Товары автосервиса\9750DA76.jpg; да;29
Моторное масло Evolution 900 SXR 194877;; Elf; активен;2470;;;;;;;;;;;30; Liqui Moly; 2510 рублей;Моторное масло Molygen New Generation 9042; Товары автосервиса\0D60A8A4.jpg; да;30
Трос буксировочный 12 тонн 54384;; Stels; да; 410 рублей;;;;;;;;;;;31; Total; 1600 руб.;Моторное масло QUARTZ INEO ECS 166252; Товары автосервиса\D0D08F32.jpg; да;31
Моторное масло Molygen New Generation 9042;; Liqui Moly; да; 2510 рублей;;;;;;;;;;;32; Nissan; 1450 руб.;Моторное масло Motor Oil KE900-90032-R; Товары автосервиса\54B0795D.jpg; да;32
Моторное масло QUARTZ INEO ECS 166252;; Total; да; 1600 руб.;;;;;;;;;;;33; Mazda;2770;Моторное масло Original oil Ultra 8300-77-992; Товары автосервиса\EF80D790.jpg; нет;33
Моторное масло Motor Oil KE900-90032-R;; Nissan; да; 1450 руб.;;;;;;;;;;;34; VAG; 4100 рублей;Моторное масло Longlife III G 052 195 M4; Товары автосервиса\D9605006.jpg;да;34
Моторное масло Original oil Ultra 8300-77-992;; Mazda; нет;2770;;;;;;;;;;;35; Motul; 3190 руб.;Моторное масло 8100 X-CESS 102870; Товары автосервиса\E9308929.jpg; да;35
Моторное масло Longlife III G 052 195 M4;; VAG; активен; 4100 рублей;;;;;;;;;;;36; Castrol; 2220?;Моторное масло Magnatec A5 15583D; Товары автосервиса\9380C1E7.jpg; да;36
Моторное масло 8100 X-CESS 102870;; Motul; да; 3190 руб.;;;;;;;;;;;37; Goodyear; 350 руб.;Щетка для снега со съемным скребком GY000202; Товары автосервиса\3760D73F.jpg; да;37
Моторное масло Magnatec A5 15583D;; Castrol; да; 2220?;;;;;;;;;;;38; Castrol; 2130 руб.;Моторное масло Magnatec A3/B4 156E9E; Товары автосервиса\92C0C1E7.jpg;да;38
Щетка для снега со съемным скребком GY000202;; Goodyear; да; 350 руб.;;;;;;;;;;;39; Opel; 1410 рублей;Моторное масло Dexos 2 19 42 000; Товары автосервиса\2390848B.jpg; да;39
Моторное масло Magnatec A3/B4 156E9E;; Castrol; активен; 2130 руб.;;;;;;;;;;;40; Total; 1560 руб.;Моторное масло QUARTZ 9000 FUTURE NFC 171839; Товары автосервиса\D2508F32.jpg; да;40
Моторное масло Dexos 2 19 42 000;; Opel; да; 1410 рублей;;;;;;;;;;;41; Hyundai/Kia; 1460 руб.;Моторное масло Premium DPF Diesel 05200-00120; Товары автосервиса\2D709062.jpg; да;41
Моторное масло QUARTZ 9000 FUTURE NFC 171839;; Total; да; 1560 руб.;;;;;;;;;;;42; VAG; 1820 руб.;Моторное масло Special G G 052 502 M2; Товары автосервиса\E0D0E079.jpg; да;42
Моторное масло Premium DPF Diesel 05200-00120;; Hyundai/Kia; да; 1460 руб.;;;;;;;;;;;43; Suzuki; 2330 руб.;Моторное масло Ecstar F9000 99M00-22R02-004; Товары автосервиса\21B0E533.jpg; да;43
Моторное масло Special G G 052 502 M2;; VAG; да; 1820 руб.;;;;;;;;;;;44; Lukoil; 1710 рублей;Моторное масло Genesis Armortech 1539424; Товары автосервиса\B0F0CB59.jpg; да;44
Моторное масло Ecstar F9000 99M00-22R02-004;; Suzuki; да; 2330 руб.;;;;;;;;;;;45; Shell;2160;Моторное масло Helix Ultra 550046387; Товары автосервиса\F2B0E078.jpg; нет;45
Моторное масло Genesis Armortech 1539424;; Lukoil; да; 1710 рублей;;;;;;;;;;;46; Mobil; 1550 руб.;Моторное масло Super 3000 X1 152567; Товары автосервиса\F200BC2F.jpg; да;46
Моторное масло Helix Ultra 550046387;; Shell; нет;2160;;;;;;;;;;;47; Mitsubishi; 1590?;Моторное масло ENGINE OIL MZ 320753; Товары автосервиса\5BB0C351.jpg; нет;47
Моторное масло Super 3000 X1 152567;; Mobil; да; 1550 руб.;;;;;;;;;;;48; Mobil; 2920 рублей;Моторное масло Mobil 1 ESP Formula 152621; Товары автосервиса\DC70BEC3.jpg; нет;48
Моторное масло ENGINE OIL MZ 320753;; Mitsubishi; нет; 1590?;;;;;;;;;;;49; Mercedes;1530;Моторное масло Genuine A000989790211BIFR; Товары автосервиса\2E30E06C.jpg; нет;49
Моторное масло Mobil 1 ESP Formula 152621;; Mobil; нет; 2920 рублей;;;;;;;;;;;50; Mobil; 1940 рублей;Моторное масло ULTRA 152624; Товары автосервиса\BA30C186.jpg;да;50
Моторное масло Genuine A000989790211BIFR;; Mercedes; нет;1530;;;;;;;;;;;51; Mobil; 1890?;Моторное масло Super 3000 X1 Formula FE 152564; Товары автосервиса\59B0BE73.jpg; да;1
Моторное масло ULTRA 152624;; Mobil; активен; 1940 рублей;;;;;;;;;;;52; Idemitsu; 1730?;Моторное масло Zepro Euro Spec SN/CF 1849-001; Товары автосервиса\90A0B807.jpg;да;2
Моторное масло Super 3000 X1 Formula FE 152564;; Mobil; да; 1890?;;;;;;;;;;;53; Shell; 1650?;Моторное масло Helix Ultra 550046367; Товары автосервиса\F2E0E078.jpg; нет;3
Моторное масло Zepro Euro Spec SN/CF 1849-001;; Idemitsu; активен; 1730?;;;;;;;;;;;54; Total; 2040 руб.;Моторное масло QUARTZ 9000 FUTURE NFC 183199; Товары автосервиса\6CE0A012.jpg; да;4
Моторное масло Helix Ultra 550046367;; Shell; нет; 1650?;;;;;;;;;;;55; General Motors;1380;Моторное масло Dexos 2 93165554; Товары автосервиса\45008C52.jpg; да;5
Моторное масло QUARTZ 9000 FUTURE NFC 183199;; Total; да; 2040 руб.;;;;;;;;;;;56; Ford; 1450 руб.;Моторное масло Formula F Fuel Economy HC 155D4B; Товары автосервиса\39A0C188.jpg;да;6
Моторное масло Dexos 2 93165554;; General Motors; да;1380;;;;;;;;;;;57; Toyota; 1630 руб.;Моторное масло 76 08880-803ENGINE OIL-GO; Товары автосервиса\0070C563.jpg; да;7
Моторное масло Formula F Fuel Economy HC 155D4B;; Ford; активен; 1450 руб.;;;;;;;;;;;58; Total; 1660?;Моторное масло QUARTZ 9000 FUTURE NFC 183450; Товары автосервиса\FA90B138.jpg; да;8
Моторное масло 76 08880-803ENGINE OIL-GO;; Toyota; да; 1630 руб.;;;;;;;;;;;59; Liqui Moly; 2580?;Моторное масло Top Tec 4100 7501; Товары автосервиса\022096CB.jpg;да;9
Моторное масло QUARTZ 9000 FUTURE NFC 183450;; Total; да; 1660?;;;;;;;;;;;60; Mobil;1860;Моторное масло Mobil 1 ESP 154279; Товары автосервиса\F460E078.jpg; да;10
Моторное масло Top Tec 4100 7501;; Liqui Moly; активен; 2580?;;;;;;;;;;;61; Mobil; 2010 рублей;Моторное масло Super 3000 X1 152061; Товары автосервиса\40409946.jpg; да;11
Моторное масло Mobil 1 ESP 154279;; Mobil; да;1860;;;;;;;;;;;62; Hyundai/Kia; 1230 руб.;Моторное масло Super Extra Gasoline 05100-00410; Товары автосервиса\2A109062.jpg;да;12
Моторное масло Super 3000 X1 152061;; Mobil; да; 2010 рублей;;;;;;;;;;;63; General Motors; 1340 рублей;Моторное масло Dexos 2 93165556; Товары автосервиса\43E08C52.jpg; да;13
Моторное масло Super Extra Gasoline 05100-00410;; Hyundai/Kia; активен; 1230 руб.;;;;;;;;;;;64; Liqui Moly; 2360 руб.;Моторное масло Leichtlauf Special AA 7516; Товары автосервиса\47E07CB5.jpg; да;14
Моторное масло Dexos 2 93165556;; General Motors; да; 1340 рублей;;;;;;;;;;;65; Shell; 1530 рублей;Моторное масло Helix HX8 A5/B5 550046777; Товары автосервиса\F160E078.jpg; да;15
Моторное масло Leichtlauf Special AA 7516;; Liqui Moly; да; 2360 руб.;;;;;;;;;;;66; Toyota; 2560?;Моторное масло Fuel Economy 08880-80845; Товары автосервиса\23106A35.jpg; да;16
Моторное масло Helix HX8 A5/B5 550046777;; Shell; да; 1530 рублей;;;;;;;;;;;67; Liqui Moly; 3440 рублей;Моторное масло 76 Top Tec 420061; Товары автосервиса\03D096CB.jpg; да;17
Моторное масло Fuel Economy 08880-80845;; Toyota; да; 2560?;;;;;;;;;;;68; ZIC;1530;Моторное масло X9 162613; Товары автосервиса\30E0C751.jpg; да;18
Моторное масло 76 Top Tec 420061;; Liqui Moly; да; 3440 рублей;;;;;;;;;;;69; Castrol;1760;Моторное масло EDGE Professional LL III Titanium FST 157AD6; Товары автосервиса\96E0C1E7.jpg; да;19
Моторное масло X9 162613;; ZIC; да;1530;;;;;;;;;;;70; Castrol; 1610 руб.;Моторное масло Magnatec A3/B4 156E9D; Товары автосервиса\9290C1E7.jpg;да;20
Моторное масло EDGE Professional LL III Titanium FST 157AD6;; Castrol; да;1760;;;;;;;;;;;71; Mercedes; 2390 руб.;Моторное масло Genuine A000989790213BIFR; Товары автосервиса\2E60E06C.jpg; да;21
Моторное масло Magnatec A3/B4 156E9D;; Castrol; активен; 1610 руб.;;;;;;;;;;;72; Petro-Canada;1910;Моторное масло Supreme Synthetic MOSYN53C16; Товары автосервиса\69C0CD62.jpg; да;22
Моторное масло Genuine A000989790213BIFR;; Mercedes; да; 2390 руб.;;;;;;;;;;;73; Shell; 2110?;Моторное масло Helix Ultra Pro AM-L 550046353; Товары автосервиса\3DF0E4BC.jpg; да;23
Моторное масло Supreme Synthetic MOSYN53C16;; Petro-Canada; да;1910;;;;;;;;;;;74; Total; 1920 рублей;Моторное масло QUARTZ INEO ECS 151510; Товары автосервиса\8F609ED7.jpg; да;24
Моторное масло Helix Ultra Pro AM-L 550046353;; Shell; да; 2110?;;;;;;;;;;;75; Mazda; 2930 рублей;Моторное масло Original oil Ultra 0530-05-TFE; Товары автосервиса\85C04040.jpg; да;25
Моторное масло QUARTZ INEO ECS 151510;; Total; да; 1920 рублей;;;;;;;;;;;76; Total; 2830?;Моторное масло QUARTZ 9000 ENERGY HKS 175393; Товары автосервиса\6DD0A012.jpg;да;26
Моторное масло Original oil Ultra 0530-05-TFE;; Mazda; да; 2930 рублей;;;;;;;;;;;77; Honda;2980;Моторное масло Ultra LEO-SN 08217-99974; Товары автосервиса\97809225.jpg; да;27
Моторное масло QUARTZ 9000 ENERGY HKS 175393;; Total; активен; 2830?;;;;;;;;;;;78; VAG; 3090 руб.;Моторное масло Special G G 052 502 M4; Товары автосервиса\E0A0E079.jpg; да;28
Моторное масло Ultra LEO-SN 08217-99974;; Honda; да;2980;;;;;;;;;;;79; Lukoil; 1090 рублей;Моторное масло Люкс 207465; Товары автосервиса\8E20A863.jpg; да;29
Моторное масло Special G G 052 502 M4;; VAG; да; 3090 руб.;;;;;;;;;;;80; Airline; 150?;Жилет светоотражающий взрослый ARW-AV-02; Товары автосервиса\D4D0CE67.jpg; да;30
Моторное масло Люкс 207465;; Lukoil; да; 1090 рублей;;;;;;;;;;;81; Hyundai/Kia;1620;Моторное масло Premium LF Gasoline 05100-00451; Товары автосервиса\2B609062.jpg; да;31
Жилет светоотражающий взрослый ARW-AV-02;; Airline; да; 150?;;;;;;;;;;;82; Elf; 1750 руб.;Моторное масло Evolution 900 SXR 10160501; Товары автосервиса\BD80E8D5.jpg;да;32
Моторное масло Premium LF Gasoline 05100-00451;; Hyundai/Kia; да;1620;;;;;;;;;;;83; Idemitsu;2380;Моторное масло Zepro Touring 1845-004; Товары автосервиса\5180B90E.jpg; да;33
Моторное масло Evolution 900 SXR 10160501;; Elf; активен; 1750 руб.;;;;;;;;;;;84; Mercedes; 2510 рублей;Моторное масло 76 A000989PKW Motorenol0213BLER; Товары автосервиса\2E00E06C.jpg; да;34
Моторное масло Zepro Touring 1845-004;; Idemitsu; да;2380;;;;;;;;;;;85; Total;1530;Моторное масло QUARTZ 9000 ENERGY HKS 175392; Товары автосервиса\6DA0A012.jpg; нет;35
Моторное масло 76 A000989PKW Motorenol0213BLER;; Mercedes; да; 2510 рублей;;;;;;;;;;;86; Ford; 1830 руб.;Моторное масло Formula F 155D3A; Товары автосервиса\39D0C188.jpg; да;36
Моторное масло QUARTZ 9000 ENERGY HKS 175392;; Total; нет;1530;;;;;;;;;;;87; Mobil; 3020 рублей;Моторное масло Mobil 1 FS 153692; Товары автосервиса\6080DCD5.jpg; да;37
Моторное масло Formula F 155D3A;; Ford; да; 1830 руб.;;;;;;;;;;;88; Idemitsu; 2520 рублей;Моторное масло Zepro Eco Medalist 3583-004; Товары автосервиса\3DA0B713.jpg; да;38
Моторное масло Mobil 1 FS 153692;; Mobil; да; 3020 рублей;;;;;;;;;;;89; Toyota; 1640?;Моторное масло SN 08880-10706; Товары автосервиса\43C09176.jpg; да;39
Моторное масло Zepro Eco Medalist 3583-004;; Idemitsu; да; 2520 рублей;;;;;;;;;;;90; Opel; 1490?;Моторное масло Dexos 2 19 42 003; Товары автосервиса\8430842A.jpg; да;40
Моторное масло SN 08880-10706;; Toyota; да; 1640?;;;;;;;;;;;91; Toyota; 3580 рублей;Моторное масло ENGINE OIL 08880-80365-GO; Товары автосервиса\CC10C869.jpg; да;41
Моторное масло Dexos 2 19 42 003;; Opel; да; 1490?;;;;;;;;;;;92; Castrol; 3000 рублей;Моторное масло EDGE LL Titanium FST 15669A; Товары автосервиса\8BC0C1A9.jpg;да;42
Моторное масло ENGINE OIL 08880-80365-GO;; Toyota; да; 3580 рублей;;;;;;;;;;;93; Total; 1700 руб.;Моторное масло QUARTZ 9000 148597; Товары автосервиса\8F909ED7.jpg; нет;43
Моторное масло EDGE LL Titanium FST 15669A;; Castrol; активен; 3000 рублей;;;;;;;;;;;94; Mitsubishi;1600;Моторное масло ENGINE OIL MZ 320756; Товары автосервиса\5BE0C351.jpg;нет;44
Моторное масло QUARTZ 9000 148597;; Total; нет; 1700 руб.;;;;;;;;;;;95; Mercedes;6770;Кредитница, Кожа B6 6 95 1349; Товары автосервиса\63C09E91.jpg; да;45
Моторное масло ENGINE OIL MZ 320756;; Mitsubishi; не активен;1600;;;;;;;;;;;96; Idemitsu; 1720 рублей;Моторное масло Zepro Touring 1845-001; Товары автосервиса\7B70B9C6.jpg; да;46
Кредитница, Кожа B6 6 95 1349;; Mercedes; да;6770;;;;;;;;;;;97; Mitsubishi; 2210?;Моторное масло ENGINE OIL MZ 320757; Товары автосервиса\0D30C4EE.jpg; да;47
Моторное масло Zepro Touring 1845-001;; Idemitsu; да; 1720 рублей;;;;;;;;;;;98; Idemitsu; 1770 руб.;Моторное масло Zepro Eco Medalist 3583-001; Товары автосервиса\6800BB8A.jpg;да;48
Моторное масло ENGINE OIL MZ 320757;; Mitsubishi; да; 2210?;;;;;;;;;;;99; Hyundai/Kia; 2470 рублей;Моторное масло Premium DPF Diesel 05200-00620; Товары автосервиса\9B3075EB.jpg; да;49
Моторное масло Zepro Eco Medalist 3583-001;; Idemitsu; активен; 1770 руб.;;;;;;;;;;;100; Total;1650;Моторное масло QUARTZ 9000 FUTURE NFC 10230501; Товары автосервиса\3970E753.jpg; нет;50
Моторное масло Premium DPF Diesel 05200-00620;; Hyundai/Kia; да; 2470 рублей;;;;;;;;;;;;;;;;;
Моторное масло QUARTZ 9000 FUTURE NFC 10230501;; Total; нет;1650;;;;;;;;;;;;;;;;;
